YEAR_or_SEASON,StateName,VirusType,NumberOfCases
2010-11,Iowa,Influenza A H1N1v,0
2010-11,Iowa,Influenza A H1N2v,0
2010-11,Iowa,Influenza A H3N2v,0
2010-11,Iowa,Influenza A H7N2,0
2010-11,Idaho,Influenza A H1N1v,0
2010-11,Idaho,Influenza A H1N2v,0
2010-11,Idaho,Influenza A H3N2v,0
2010-11,Idaho,Influenza A H7N2,0
2010-11,Maryland,Influenza A H1N1v,0
2010-11,Maryland,Influenza A H1N2v,0
2010-11,Maryland,Influenza A H3N2v,0
2010-11,Maryland,Influenza A H7N2,0
2010-11,Maine,Influenza A H1N1v,0
2010-11,Maine,Influenza A H1N2v,0
2010-11,Maine,Influenza A H3N2v,0
2010-11,Maine,Influenza A H7N2,0
2010-11,North Dakota,Influenza A H1N1v,0
2010-11,North Dakota,Influenza A H1N2v,0
2010-11,North Dakota,Influenza A H3N2v,0
2010-11,North Dakota,Influenza A H7N2,0
2010-11,Nebraska,Influenza A H1N1v,0
2010-11,Nebraska,Influenza A H1N2v,0
2010-11,Nebraska,Influenza A H3N2v,0
2010-11,Nebraska,Influenza A H7N2,0
2010-11,Puerto Rico,Influenza A H3N2v,0
2010-11,West Virginia,Influenza A H1N2v,0
2010-11,New Hampshire,Influenza A H1N1v,0
2010-11,New Hampshire,Influenza A H1N2v,0
2010-11,New Hampshire,Influenza A H3N2v,0
2010-11,New Hampshire,Influenza A H7N2,0
2010-11,Rhode Island,Influenza A H1N1v,0
2010-11,Rhode Island,Influenza A H1N2v,0
2010-11,Rhode Island,Influenza A H3N2v,0
2010-11,Rhode Island,Influenza A H7N2,0
2010-11,Puerto Rico,Influenza A H7N2,0
2010-11,South Carolina,Influenza A H1N1v,0
2010-11,South Carolina,Influenza A H1N2v,0
2010-11,South Carolina,Influenza A H3N2v,0
2010-11,South Carolina,Influenza A H7N2,0
2010-11,Connecticut,Influenza A H1N1v,0
2010-11,Connecticut,Influenza A H1N2v,0
2010-11,Connecticut,Influenza A H3N2v,0
2010-11,Connecticut,Influenza A H7N2,0
2010-11,District of Columbia,Influenza A H1N1v,0
2010-11,District of Columbia,Influenza A H1N2v,0
2010-11,District of Columbia,Influenza A H3N2v,0
2010-11,District of Columbia,Influenza A H7N2,0
2010-11,Illinois,Influenza A H1N1v,0
2010-11,Illinois,Influenza A H1N2v,0
2010-11,Illinois,Influenza A H3N2v,0
2010-11,Illinois,Influenza A H7N2,0
2010-11,Indiana,Influenza A H1N1v,0
2010-11,Indiana,Influenza A H1N2v,0
2010-11,Indiana,Influenza A H3N2v,1
2010-11,Indiana,Influenza A H7N2,0
2010-11,Michigan,Influenza A H1N1v,0
2010-11,Michigan,Influenza A H1N2v,0
2010-11,Michigan,Influenza A H3N2v,0
2010-11,Michigan,Influenza A H7N2,0
2010-11,Kansas,Influenza A H1N1v,0
2010-11,Kansas,Influenza A H1N2v,0
2010-11,Kansas,Influenza A H3N2v,0
2010-11,Kansas,Influenza A H7N2,0
2010-11,Minnesota,Influenza A H1N1v,0
2010-11,Minnesota,Influenza A H1N2v,0
2010-11,Minnesota,Influenza A H3N2v,2
2010-11,Minnesota,Influenza A H7N2,0
2010-11,Missouri,Influenza A H1N1v,0
2010-11,Missouri,Influenza A H1N2v,0
2010-11,Missouri,Influenza A H3N2v,0
2010-11,Missouri,Influenza A H7N2,0
2010-11,Delaware,Influenza A H1N1v,0
2010-11,Delaware,Influenza A H1N2v,0
2010-11,Delaware,Influenza A H3N2v,0
2010-11,Delaware,Influenza A H7N2,0
2010-11,Mississippi,Influenza A H1N1v,0
2010-11,Mississippi,Influenza A H1N2v,0
2010-11,Mississippi,Influenza A H3N2v,0
2010-11,New Jersey,Influenza A H1N1v,0
2010-11,New Jersey,Influenza A H1N2v,0
2010-11,New Jersey,Influenza A H3N2v,0
2010-11,New Jersey,Influenza A H7N2,0
2010-11,New Mexico,Influenza A H1N1v,0
2010-11,New Mexico,Influenza A H1N2v,0
2010-11,New Mexico,Influenza A H3N2v,0
2010-11,New Mexico,Influenza A H7N2,0
2010-11,Nevada,Influenza A H1N1v,0
2010-11,Nevada,Influenza A H1N2v,0
2010-11,Nevada,Influenza A H3N2v,0
2010-11,Nevada,Influenza A H7N2,0
2010-11,West Virginia,Influenza A H1N1v,0
2010-11,West Virginia,Influenza A H3N2v,0
2010-11,West Virginia,Influenza A H7N2,0
2010-11,Wyoming,Influenza A H1N1v,0
2010-11,Wyoming,Influenza A H1N2v,0
2010-11,Wyoming,Influenza A H3N2v,0
2010-11,Wyoming,Influenza A H7N2,0
2010-11,New York,Influenza A H1N1v,0
2010-11,New York,Influenza A H1N2v,0
2010-11,New York,Influenza A H3N2v,0
2010-11,New York,Influenza A H7N2,0
2010-11,Ohio,Influenza A H1N1v,0
2010-11,Ohio,Influenza A H1N2v,0
2010-11,Ohio,Influenza A H3N2v,0
2010-11,Ohio,Influenza A H7N2,0
2010-11,South Dakota,Influenza A H1N1v,0
2010-11,South Dakota,Influenza A H1N2v,0
2010-11,South Dakota,Influenza A H3N2v,0
2010-11,South Dakota,Influenza A H7N2,0
2010-11,Tennessee,Influenza A H1N1v,0
2010-11,Tennessee,Influenza A H1N2v,0
2010-11,Tennessee,Influenza A H3N2v,0
2010-11,Tennessee,Influenza A H7N2,0
2010-11,Texas,Influenza A H1N1v,0
2010-11,Texas,Influenza A H1N2v,0
2010-11,Texas,Influenza A H3N2v,0
2010-11,Texas,Influenza A H7N2,0
2010-11,Oklahoma,Influenza A H1N1v,0
2010-11,Oklahoma,Influenza A H1N2v,0
2010-11,Oklahoma,Influenza A H3N2v,0
2010-11,Oklahoma,Influenza A H7N2,0
2010-11,Washington,Influenza A H1N1v,0
2010-11,Washington,Influenza A H1N2v,0
2010-11,Washington,Influenza A H3N2v,0
2010-11,Washington,Influenza A H7N2,0
2010-11,Wisconsin,Influenza A H1N1v,0
2010-11,Wisconsin,Influenza A H1N2v,0
2010-11,Wisconsin,Influenza A H3N2v,0
2010-11,Wisconsin,Influenza A H7N2,0
2010-11,Florida,Influenza A H1N1v,0
2010-11,Florida,Influenza A H1N2v,0
2010-11,Florida,Influenza A H3N2v,0
2010-11,Florida,Influenza A H7N2,0
2010-11,Georgia,Influenza A H1N1v,0
2010-11,Georgia,Influenza A H1N2v,0
2010-11,Georgia,Influenza A H3N2v,0
2010-11,Georgia,Influenza A H7N2,0
2010-11,Kentucky,Influenza A H1N1v,0
2010-11,Kentucky,Influenza A H1N2v,0
2010-11,Kentucky,Influenza A H3N2v,0
2010-11,Kentucky,Influenza A H7N2,0
2010-11,Louisiana,Influenza A H1N1v,0
2010-11,Louisiana,Influenza A H1N2v,0
2010-11,Louisiana,Influenza A H3N2v,0
2010-11,Louisiana,Influenza A H7N2,0
2010-11,Massachusetts,Influenza A H1N1v,0
2010-11,Massachusetts,Influenza A H1N2v,0
2010-11,Massachusetts,Influenza A H3N2v,0
2010-11,Massachusetts,Influenza A H7N2,0
2010-11,Montana,Influenza A H1N1v,0
2010-11,Montana,Influenza A H1N2v,0
2010-11,Montana,Influenza A H3N2v,0
2010-11,Montana,Influenza A H7N2,0
2010-11,North Carolina,Influenza A H1N1v,0
2010-11,North Carolina,Influenza A H1N2v,0
2010-11,North Carolina,Influenza A H3N2v,0
2010-11,North Carolina,Influenza A H7N2,0
2010-11,Oregon,Influenza A H1N1v,0
2010-11,Oregon,Influenza A H1N2v,0
2010-11,Oregon,Influenza A H3N2v,0
2010-11,Oregon,Influenza A H7N2,0
2010-11,Pennsylvania,Influenza A H1N1v,0
2010-11,Pennsylvania,Influenza A H1N2v,0
2010-11,Pennsylvania,Influenza A H3N2v,4
2010-11,Pennsylvania,Influenza A H7N2,0
2010-11,Hawaii,Influenza A H1N1v,0
2010-11,Hawaii,Influenza A H1N2v,0
2010-11,Hawaii,Influenza A H3N2v,0
2010-11,Hawaii,Influenza A H7N2,0
2010-11,Puerto Rico,Influenza A H1N1v,0
2010-11,Arizona,Influenza A H1N1v,0
2010-11,Arizona,Influenza A H1N2v,0
2010-11,Arizona,Influenza A H3N2v,0
2010-11,Arizona,Influenza A H7N2,0
2010-11,California,Influenza A H1N1v,0
2010-11,California,Influenza A H1N2v,0
2010-11,California,Influenza A H3N2v,0
2010-11,California,Influenza A H7N2,0
2010-11,Utah,Influenza A H1N1v,0
2010-11,Utah,Influenza A H1N2v,0
2010-11,Utah,Influenza A H3N2v,0
2010-11,Utah,Influenza A H7N2,0
2010-11,Virginia,Influenza A H1N1v,0
2010-11,Virginia,Influenza A H1N2v,0
2010-11,Virginia,Influenza A H3N2v,0
2010-11,Virginia,Influenza A H7N2,0
2010-11,Colorado,Influenza A H1N1v,0
2010-11,Colorado,Influenza A H1N2v,0
2010-11,Colorado,Influenza A H3N2v,0
2010-11,Colorado,Influenza A H7N2,0
2010-11,Puerto Rico,Influenza A H1N2v,0
2010-11,Vermont,Influenza A H1N1v,0
2010-11,Vermont,Influenza A H1N2v,0
2010-11,Vermont,Influenza A H3N2v,0
2010-11,Vermont,Influenza A H7N2,0
2010-11,Alaska,Influenza A H1N1v,0
2010-11,Alaska,Influenza A H1N2v,0
2010-11,Alaska,Influenza A H3N2v,0
2010-11,Alaska,Influenza A H7N2,0
2010-11,Alabama,Influenza A H1N1v,0
2010-11,Alabama,Influenza A H1N2v,0
2010-11,Alabama,Influenza A H3N2v,0
2010-11,Alabama,Influenza A H7N2,0
2010-11,Arkansas,Influenza A H1N1v,0
2010-11,Arkansas,Influenza A H1N2v,0
2010-11,Arkansas,Influenza A H3N2v,0
2010-11,Arkansas,Influenza A H7N2,0
2010-11,Mississippi,Influenza A H7N2,0
2011-12,Arkansas,Influenza A H1N1v,0
2011-12,Arkansas,Influenza A H1N2v,0
2011-12,Arkansas,Influenza A H3N2v,0
2011-12,Arkansas,Influenza A H7N2,0
2011-12,Alabama,Influenza A H1N1v,0
2011-12,Alabama,Influenza A H1N2v,0
2011-12,Alabama,Influenza A H3N2v,0
2011-12,Alabama,Influenza A H7N2,0
2011-12,Alaska,Influenza A H1N1v,0
2011-12,Alaska,Influenza A H1N2v,0
2011-12,Alaska,Influenza A H3N2v,0
2011-12,Alaska,Influenza A H7N2,0
2011-12,Vermont,Influenza A H1N1v,0
2011-12,Vermont,Influenza A H1N2v,0
2011-12,Vermont,Influenza A H3N2v,0
2011-12,Vermont,Influenza A H7N2,0
2011-12,Colorado,Influenza A H1N1v,0
2011-12,Colorado,Influenza A H1N2v,0
2011-12,Colorado,Influenza A H3N2v,0
2011-12,Colorado,Influenza A H7N2,0
2011-12,Virginia,Influenza A H1N1v,0
2011-12,Virginia,Influenza A H1N2v,0
2011-12,Virginia,Influenza A H3N2v,0
2011-12,Virginia,Influenza A H7N2,0
2011-12,Utah,Influenza A H1N1v,0
2011-12,Utah,Influenza A H1N2v,0
2011-12,Utah,Influenza A H3N2v,1
2011-12,Utah,Influenza A H7N2,0
2011-12,California,Influenza A H1N1v,0
2011-12,California,Influenza A H1N2v,0
2011-12,California,Influenza A H3N2v,0
2011-12,California,Influenza A H7N2,0
2011-12,Arizona,Influenza A H1N1v,0
2011-12,Arizona,Influenza A H1N2v,0
2011-12,Arizona,Influenza A H3N2v,0
2011-12,Arizona,Influenza A H7N2,0
2011-12,Pennsylvania,Influenza A H1N1v,0
2011-12,Pennsylvania,Influenza A H1N2v,0
2011-12,Pennsylvania,Influenza A H3N2v,11
2011-12,Pennsylvania,Influenza A H7N2,0
2011-12,Oregon,Influenza A H1N1v,0
2011-12,Oregon,Influenza A H1N2v,0
2011-12,Oregon,Influenza A H3N2v,0
2011-12,Oregon,Influenza A H7N2,0
2011-12,North Carolina,Influenza A H1N1v,0
2011-12,North Carolina,Influenza A H1N2v,0
2011-12,North Carolina,Influenza A H3N2v,0
2011-12,North Carolina,Influenza A H7N2,0
2011-12,Mississippi,Influenza A H1N1v,0
2011-12,Mississippi,Influenza A H1N2v,0
2011-12,Mississippi,Influenza A H3N2v,0
2011-12,Mississippi,Influenza A H7N2,0
2011-12,Montana,Influenza A H1N1v,0
2011-12,Montana,Influenza A H1N2v,0
2011-12,Montana,Influenza A H3N2v,0
2011-12,Montana,Influenza A H7N2,0
2011-12,Massachusetts,Influenza A H1N1v,0
2011-12,Massachusetts,Influenza A H1N2v,0
2011-12,Massachusetts,Influenza A H3N2v,0
2011-12,Massachusetts,Influenza A H7N2,0
2011-12,Louisiana,Influenza A H1N1v,0
2011-12,Louisiana,Influenza A H1N2v,0
2011-12,Louisiana,Influenza A H3N2v,0
2011-12,Louisiana,Influenza A H7N2,0
2011-12,Kentucky,Influenza A H1N1v,0
2011-12,Kentucky,Influenza A H1N2v,0
2011-12,Kentucky,Influenza A H3N2v,0
2011-12,Kentucky,Influenza A H7N2,0
2011-12,Georgia,Influenza A H1N1v,0
2011-12,Georgia,Influenza A H1N2v,0
2011-12,Georgia,Influenza A H3N2v,0
2011-12,Georgia,Influenza A H7N2,0
2011-12,Florida,Influenza A H1N1v,0
2011-12,Florida,Influenza A H1N2v,0
2011-12,Florida,Influenza A H3N2v,0
2011-12,Florida,Influenza A H7N2,0
2011-12,Wisconsin,Influenza A H1N1v,1
2011-12,Wisconsin,Influenza A H1N2v,0
2011-12,Wisconsin,Influenza A H3N2v,20
2011-12,Wisconsin,Influenza A H7N2,0
2011-12,Washington,Influenza A H1N1v,0
2011-12,Washington,Influenza A H1N2v,0
2011-12,Washington,Influenza A H3N2v,0
2011-12,Washington,Influenza A H7N2,0
2011-12,Oklahoma,Influenza A H1N1v,0
2011-12,Oklahoma,Influenza A H1N2v,0
2011-12,Oklahoma,Influenza A H3N2v,0
2011-12,Oklahoma,Influenza A H7N2,0
2011-12,Hawaii,Influenza A H1N1v,0
2011-12,Texas,Influenza A H1N1v,0
2011-12,Texas,Influenza A H1N2v,0
2011-12,Texas,Influenza A H3N2v,0
2011-12,Texas,Influenza A H7N2,0
2011-12,Tennessee,Influenza A H1N1v,0
2011-12,Tennessee,Influenza A H1N2v,0
2011-12,Tennessee,Influenza A H3N2v,0
2011-12,Tennessee,Influenza A H7N2,0
2011-12,South Dakota,Influenza A H1N1v,0
2011-12,South Dakota,Influenza A H1N2v,0
2011-12,South Dakota,Influenza A H3N2v,0
2011-12,South Dakota,Influenza A H7N2,0
2011-12,Ohio,Influenza A H1N1v,0
2011-12,Ohio,Influenza A H1N2v,0
2011-12,Ohio,Influenza A H3N2v,107
2011-12,Ohio,Influenza A H7N2,0
2011-12,New York,Influenza A H1N1v,0
2011-12,New York,Influenza A H1N2v,0
2011-12,New York,Influenza A H3N2v,0
2011-12,New York,Influenza A H7N2,0
2011-12,Wyoming,Influenza A H1N1v,0
2011-12,Wyoming,Influenza A H1N2v,0
2011-12,Wyoming,Influenza A H3N2v,0
2011-12,Wyoming,Influenza A H7N2,0
2011-12,West Virginia,Influenza A H1N1v,0
2011-12,West Virginia,Influenza A H1N2v,0
2011-12,West Virginia,Influenza A H3N2v,5
2011-12,West Virginia,Influenza A H7N2,0
2011-12,Nevada,Influenza A H1N1v,0
2011-12,Nevada,Influenza A H1N2v,0
2011-12,Nevada,Influenza A H3N2v,0
2011-12,Nevada,Influenza A H7N2,0
2011-12,New Mexico,Influenza A H1N1v,0
2011-12,New Mexico,Influenza A H1N2v,0
2011-12,New Mexico,Influenza A H3N2v,0
2011-12,New Mexico,Influenza A H7N2,0
2011-12,New Jersey,Influenza A H1N1v,0
2011-12,New Jersey,Influenza A H1N2v,0
2011-12,New Jersey,Influenza A H3N2v,0
2011-12,New Jersey,Influenza A H7N2,0
2011-12,Delaware,Influenza A H1N1v,0
2011-12,Delaware,Influenza A H1N2v,0
2011-12,Delaware,Influenza A H3N2v,0
2011-12,Delaware,Influenza A H7N2,0
2011-12,Missouri,Influenza A H1N1v,1
2011-12,Missouri,Influenza A H1N2v,0
2011-12,Missouri,Influenza A H3N2v,0
2011-12,Missouri,Influenza A H7N2,0
2011-12,Minnesota,Influenza A H1N1v,0
2011-12,Minnesota,Influenza A H1N2v,4
2011-12,Minnesota,Influenza A H3N2v,4
2011-12,Minnesota,Influenza A H7N2,0
2011-12,Kansas,Influenza A H1N1v,0
2011-12,Kansas,Influenza A H1N2v,0
2011-12,Kansas,Influenza A H3N2v,0
2011-12,Kansas,Influenza A H7N2,0
2011-12,Michigan,Influenza A H1N1v,0
2011-12,Michigan,Influenza A H1N2v,0
2011-12,Michigan,Influenza A H3N2v,6
2011-12,Michigan,Influenza A H7N2,0
2011-12,Indiana,Influenza A H1N1v,0
2011-12,Indiana,Influenza A H1N2v,0
2011-12,Indiana,Influenza A H3N2v,139
2011-12,Indiana,Influenza A H7N2,0
2011-12,Illinois,Influenza A H1N1v,0
2011-12,Illinois,Influenza A H1N2v,0
2011-12,Illinois,Influenza A H3N2v,4
2011-12,Illinois,Influenza A H7N2,0
2011-12,District of Columbia,Influenza A H1N1v,0
2011-12,District of Columbia,Influenza A H1N2v,0
2011-12,District of Columbia,Influenza A H3N2v,0
2011-12,District of Columbia,Influenza A H7N2,0
2011-12,Connecticut,Influenza A H1N1v,0
2011-12,Connecticut,Influenza A H1N2v,0
2011-12,Connecticut,Influenza A H3N2v,0
2011-12,Connecticut,Influenza A H7N2,0
2011-12,South Carolina,Influenza A H1N1v,0
2011-12,South Carolina,Influenza A H1N2v,0
2011-12,South Carolina,Influenza A H3N2v,0
2011-12,South Carolina,Influenza A H7N2,0
2011-12,Puerto Rico,Influenza A H1N1v,0
2011-12,Puerto Rico,Influenza A H1N2v,0
2011-12,Puerto Rico,Influenza A H3N2v,0
2011-12,Puerto Rico,Influenza A H7N2,0
2011-12,Rhode Island,Influenza A H1N1v,0
2011-12,Rhode Island,Influenza A H1N2v,0
2011-12,Rhode Island,Influenza A H3N2v,0
2011-12,Rhode Island,Influenza A H7N2,0
2011-12,New Hampshire,Influenza A H1N1v,0
2011-12,New Hampshire,Influenza A H1N2v,0
2011-12,New Hampshire,Influenza A H3N2v,0
2011-12,New Hampshire,Influenza A H7N2,0
2011-12,Hawaii,Influenza A H1N2v,0
2011-12,Nebraska,Influenza A H1N1v,0
2011-12,Nebraska,Influenza A H1N2v,0
2011-12,Nebraska,Influenza A H3N2v,0
2011-12,Nebraska,Influenza A H7N2,0
2011-12,North Dakota,Influenza A H1N1v,0
2011-12,North Dakota,Influenza A H1N2v,0
2011-12,North Dakota,Influenza A H3N2v,0
2011-12,North Dakota,Influenza A H7N2,0
2011-12,Maine,Influenza A H1N1v,0
2011-12,Maine,Influenza A H1N2v,0
2011-12,Maine,Influenza A H3N2v,2
2011-12,Maine,Influenza A H7N2,0
2011-12,Maryland,Influenza A H1N1v,0
2011-12,Maryland,Influenza A H1N2v,0
2011-12,Maryland,Influenza A H3N2v,12
2011-12,Maryland,Influenza A H7N2,0
2011-12,Idaho,Influenza A H1N1v,0
2011-12,Idaho,Influenza A H1N2v,0
2011-12,Idaho,Influenza A H3N2v,0
2011-12,Idaho,Influenza A H7N2,0
2011-12,Hawaii,Influenza A H3N2v,1
2011-12,Hawaii,Influenza A H7N2,0
2011-12,Iowa,Influenza A H1N1v,0
2011-12,Iowa,Influenza A H1N2v,0
2011-12,Iowa,Influenza A H3N2v,3
2011-12,Iowa,Influenza A H7N2,0
2012-13,Iowa,Influenza A H1N1v,0
2012-13,Iowa,Influenza A H1N2v,0
2012-13,Iowa,Influenza A H3N2v,1
2012-13,Iowa,Influenza A H7N2,0
2012-13,Hawaii,Influenza A H1N1v,0
2012-13,Hawaii,Influenza A H1N2v,0
2012-13,Hawaii,Influenza A H3N2v,0
2012-13,Hawaii,Influenza A H7N2,0
2012-13,Idaho,Influenza A H1N1v,0
2012-13,Idaho,Influenza A H1N2v,0
2012-13,Idaho,Influenza A H3N2v,0
2012-13,Idaho,Influenza A H7N2,0
2012-13,Maryland,Influenza A H1N1v,0
2012-13,Maryland,Influenza A H1N2v,0
2012-13,Maryland,Influenza A H3N2v,0
2012-13,Maryland,Influenza A H7N2,0
2012-13,Maine,Influenza A H1N1v,0
2012-13,Maine,Influenza A H1N2v,0
2012-13,Maine,Influenza A H3N2v,0
2012-13,Maine,Influenza A H7N2,0
2012-13,North Dakota,Influenza A H1N1v,0
2012-13,North Dakota,Influenza A H1N2v,0
2012-13,North Dakota,Influenza A H3N2v,0
2012-13,North Dakota,Influenza A H7N2,0
2012-13,Nebraska,Influenza A H1N1v,0
2012-13,Nebraska,Influenza A H1N2v,0
2012-13,Nebraska,Influenza A H3N2v,0
2012-13,Nebraska,Influenza A H7N2,0
2012-13,New Hampshire,Influenza A H1N1v,0
2012-13,New Hampshire,Influenza A H1N2v,0
2012-13,New Hampshire,Influenza A H3N2v,0
2012-13,New Hampshire,Influenza A H7N2,0
2012-13,Rhode Island,Influenza A H1N1v,0
2012-13,Rhode Island,Influenza A H1N2v,0
2012-13,Rhode Island,Influenza A H3N2v,0
2012-13,Rhode Island,Influenza A H7N2,0
2012-13,Puerto Rico,Influenza A H1N1v,0
2012-13,Puerto Rico,Influenza A H1N2v,0
2012-13,Puerto Rico,Influenza A H3N2v,0
2012-13,Puerto Rico,Influenza A H7N2,0
2012-13,South Carolina,Influenza A H1N1v,0
2012-13,South Carolina,Influenza A H1N2v,0
2012-13,South Carolina,Influenza A H3N2v,0
2012-13,South Carolina,Influenza A H7N2,0
2012-13,Connecticut,Influenza A H1N1v,0
2012-13,Connecticut,Influenza A H1N2v,0
2012-13,Connecticut,Influenza A H3N2v,0
2012-13,Connecticut,Influenza A H7N2,0
2012-13,District of Columbia,Influenza A H1N1v,0
2012-13,District of Columbia,Influenza A H1N2v,0
2012-13,District of Columbia,Influenza A H3N2v,0
2012-13,District of Columbia,Influenza A H7N2,0
2012-13,Illinois,Influenza A H1N1v,0
2012-13,Illinois,Influenza A H1N2v,0
2012-13,Illinois,Influenza A H3N2v,1
2012-13,Illinois,Influenza A H7N2,0
2012-13,Indiana,Influenza A H1N1v,0
2012-13,Indiana,Influenza A H1N2v,0
2012-13,Indiana,Influenza A H3N2v,14
2012-13,Indiana,Influenza A H7N2,0
2012-13,Michigan,Influenza A H1N1v,0
2012-13,Michigan,Influenza A H1N2v,0
2012-13,Kansas,Influenza A H1N1v,0
2012-13,Kansas,Influenza A H1N2v,0
2012-13,Kansas,Influenza A H3N2v,0
2012-13,Kansas,Influenza A H7N2,0
2012-13,Minnesota,Influenza A H1N1v,0
2012-13,Minnesota,Influenza A H1N2v,0
2012-13,Minnesota,Influenza A H3N2v,1
2012-13,Minnesota,Influenza A H7N2,0
2012-13,Missouri,Influenza A H1N1v,0
2012-13,Missouri,Influenza A H1N2v,0
2012-13,Missouri,Influenza A H3N2v,0
2012-13,Missouri,Influenza A H7N2,0
2012-13,Delaware,Influenza A H1N1v,0
2012-13,Delaware,Influenza A H1N2v,0
2012-13,Delaware,Influenza A H3N2v,0
2012-13,Michigan,Influenza A H7N2,0
2012-13,New Jersey,Influenza A H1N1v,0
2012-13,New Jersey,Influenza A H1N2v,0
2012-13,New Jersey,Influenza A H3N2v,0
2012-13,New Jersey,Influenza A H7N2,0
2012-13,New Mexico,Influenza A H1N1v,0
2012-13,New Mexico,Influenza A H1N2v,0
2012-13,New Mexico,Influenza A H3N2v,0
2012-13,New Mexico,Influenza A H7N2,0
2012-13,Nevada,Influenza A H1N1v,0
2012-13,Nevada,Influenza A H1N2v,0
2012-13,Nevada,Influenza A H3N2v,0
2012-13,Nevada,Influenza A H7N2,0
2012-13,West Virginia,Influenza A H1N1v,0
2012-13,West Virginia,Influenza A H1N2v,0
2012-13,West Virginia,Influenza A H3N2v,0
2012-13,West Virginia,Influenza A H7N2,0
2012-13,Wyoming,Influenza A H1N1v,0
2012-13,Wyoming,Influenza A H1N2v,0
2012-13,Wyoming,Influenza A H3N2v,0
2012-13,Wyoming,Influenza A H7N2,0
2012-13,New York,Influenza A H1N1v,0
2012-13,New York,Influenza A H1N2v,0
2012-13,New York,Influenza A H3N2v,0
2012-13,New York,Influenza A H7N2,0
2012-13,Ohio,Influenza A H1N1v,0
2012-13,Ohio,Influenza A H1N2v,0
2012-13,Ohio,Influenza A H3N2v,1
2012-13,Ohio,Influenza A H7N2,0
2012-13,South Dakota,Influenza A H1N1v,0
2012-13,South Dakota,Influenza A H1N2v,0
2012-13,South Dakota,Influenza A H3N2v,0
2012-13,South Dakota,Influenza A H7N2,0
2012-13,Tennessee,Influenza A H1N1v,0
2012-13,Tennessee,Influenza A H1N2v,0
2012-13,Tennessee,Influenza A H3N2v,0
2012-13,Tennessee,Influenza A H7N2,0
2012-13,Texas,Influenza A H1N1v,0
2012-13,Texas,Influenza A H1N2v,0
2012-13,Texas,Influenza A H3N2v,0
2012-13,Texas,Influenza A H7N2,0
2012-13,Michigan,Influenza A H3N2v,2
2012-13,Delaware,Influenza A H7N2,0
2012-13,Washington,Influenza A H1N1v,0
2012-13,Washington,Influenza A H1N2v,0
2012-13,Washington,Influenza A H3N2v,0
2012-13,Washington,Influenza A H7N2,0
2012-13,Wisconsin,Influenza A H1N1v,0
2012-13,Wisconsin,Influenza A H1N2v,0
2012-13,Wisconsin,Influenza A H3N2v,0
2012-13,Wisconsin,Influenza A H7N2,0
2012-13,Florida,Influenza A H1N1v,0
2012-13,Florida,Influenza A H1N2v,0
2012-13,Florida,Influenza A H3N2v,0
2012-13,Florida,Influenza A H7N2,0
2012-13,Georgia,Influenza A H1N1v,0
2012-13,Georgia,Influenza A H1N2v,0
2012-13,Georgia,Influenza A H3N2v,0
2012-13,Georgia,Influenza A H7N2,0
2012-13,Kentucky,Influenza A H1N1v,0
2012-13,Kentucky,Influenza A H1N2v,0
2012-13,Kentucky,Influenza A H3N2v,0
2012-13,Kentucky,Influenza A H7N2,0
2012-13,Louisiana,Influenza A H1N1v,0
2012-13,Louisiana,Influenza A H1N2v,0
2012-13,Louisiana,Influenza A H3N2v,0
2012-13,Louisiana,Influenza A H7N2,0
2012-13,Massachusetts,Influenza A H1N1v,0
2012-13,Massachusetts,Influenza A H1N2v,0
2012-13,Massachusetts,Influenza A H3N2v,0
2012-13,Massachusetts,Influenza A H7N2,0
2012-13,Montana,Influenza A H1N1v,0
2012-13,Montana,Influenza A H1N2v,0
2012-13,Montana,Influenza A H3N2v,0
2012-13,Montana,Influenza A H7N2,0
2012-13,Mississippi,Influenza A H1N1v,0
2012-13,Mississippi,Influenza A H1N2v,0
2012-13,Mississippi,Influenza A H3N2v,0
2012-13,Mississippi,Influenza A H7N2,0
2012-13,North Carolina,Influenza A H1N1v,0
2012-13,North Carolina,Influenza A H1N2v,0
2012-13,North Carolina,Influenza A H3N2v,0
2012-13,North Carolina,Influenza A H7N2,0
2012-13,Oregon,Influenza A H1N1v,0
2012-13,Oregon,Influenza A H1N2v,0
2012-13,Oregon,Influenza A H3N2v,0
2012-13,Oregon,Influenza A H7N2,0
2012-13,Pennsylvania,Influenza A H1N1v,0
2012-13,Pennsylvania,Influenza A H1N2v,0
2012-13,Pennsylvania,Influenza A H3N2v,0
2012-13,Pennsylvania,Influenza A H7N2,0
2012-13,Arizona,Influenza A H1N1v,0
2012-13,Arizona,Influenza A H1N2v,0
2012-13,Arizona,Influenza A H3N2v,0
2012-13,Arizona,Influenza A H7N2,0
2012-13,Oklahoma,Influenza A H1N2v,0
2012-13,Oklahoma,Influenza A H3N2v,0
2012-13,Oklahoma,Influenza A H7N2,0
2012-13,California,Influenza A H1N1v,0
2012-13,California,Influenza A H1N2v,0
2012-13,California,Influenza A H3N2v,0
2012-13,California,Influenza A H7N2,0
2012-13,Utah,Influenza A H1N1v,0
2012-13,Utah,Influenza A H1N2v,0
2012-13,Utah,Influenza A H3N2v,0
2012-13,Utah,Influenza A H7N2,0
2012-13,Virginia,Influenza A H1N1v,0
2012-13,Virginia,Influenza A H1N2v,0
2012-13,Virginia,Influenza A H3N2v,0
2012-13,Virginia,Influenza A H7N2,0
2012-13,Colorado,Influenza A H1N1v,0
2012-13,Colorado,Influenza A H1N2v,0
2012-13,Colorado,Influenza A H3N2v,0
2012-13,Colorado,Influenza A H7N2,0
2012-13,Vermont,Influenza A H1N1v,0
2012-13,Vermont,Influenza A H1N2v,0
2012-13,Vermont,Influenza A H3N2v,0
2012-13,Vermont,Influenza A H7N2,0
2012-13,Alaska,Influenza A H1N1v,0
2012-13,Alaska,Influenza A H1N2v,0
2012-13,Alaska,Influenza A H3N2v,0
2012-13,Alaska,Influenza A H7N2,0
2012-13,Alabama,Influenza A H1N1v,0
2012-13,Alabama,Influenza A H1N2v,0
2012-13,Alabama,Influenza A H3N2v,0
2012-13,Alabama,Influenza A H7N2,0
2012-13,Arkansas,Influenza A H1N1v,2
2012-13,Arkansas,Influenza A H1N2v,0
2012-13,Arkansas,Influenza A H3N2v,0
2012-13,Arkansas,Influenza A H7N2,0
2012-13,Oklahoma,Influenza A H1N1v,0
2013-14,Arkansas,Influenza A H1N1v,0
2013-14,Arkansas,Influenza A H1N2v,0
2013-14,Arkansas,Influenza A H3N2v,0
2013-14,Arkansas,Influenza A H7N2,0
2013-14,Alabama,Influenza A H1N1v,0
2013-14,Alabama,Influenza A H1N2v,0
2013-14,Alabama,Influenza A H3N2v,0
2013-14,Alabama,Influenza A H7N2,0
2013-14,Alaska,Influenza A H1N1v,0
2013-14,Alaska,Influenza A H1N2v,0
2013-14,Alaska,Influenza A H3N2v,0
2013-14,Alaska,Influenza A H7N2,0
2013-14,Colorado,Influenza A H1N1v,0
2013-14,Colorado,Influenza A H1N2v,0
2013-14,Colorado,Influenza A H3N2v,0
2013-14,Colorado,Influenza A H7N2,0
2013-14,Virginia,Influenza A H1N1v,0
2013-14,Virginia,Influenza A H1N2v,0
2013-14,Virginia,Influenza A H3N2v,0
2013-14,Virginia,Influenza A H7N2,0
2013-14,Utah,Influenza A H1N1v,0
2013-14,Utah,Influenza A H1N2v,0
2013-14,Utah,Influenza A H3N2v,0
2013-14,Utah,Influenza A H7N2,0
2013-14,California,Influenza A H1N1v,0
2013-14,California,Influenza A H1N2v,0
2013-14,California,Influenza A H3N2v,0
2013-14,California,Influenza A H7N2,0
2013-14,Oklahoma,Influenza A H1N1v,0
2013-14,Oklahoma,Influenza A H1N2v,0
2013-14,Oklahoma,Influenza A H3N2v,0
2013-14,Oklahoma,Influenza A H7N2,0
2013-14,Arizona,Influenza A H1N1v,0
2013-14,Arizona,Influenza A H1N2v,0
2013-14,Arizona,Influenza A H3N2v,0
2013-14,Arizona,Influenza A H7N2,0
2013-14,Pennsylvania,Influenza A H1N1v,0
2013-14,Pennsylvania,Influenza A H1N2v,0
2013-14,Pennsylvania,Influenza A H3N2v,0
2013-14,Pennsylvania,Influenza A H7N2,0
2013-14,Oregon,Influenza A H1N1v,0
2013-14,Oregon,Influenza A H1N2v,0
2013-14,Oregon,Influenza A H3N2v,0
2013-14,Oregon,Influenza A H7N2,0
2013-14,North Carolina,Influenza A H1N1v,0
2013-14,North Carolina,Influenza A H1N2v,0
2013-14,North Carolina,Influenza A H3N2v,0
2013-14,North Carolina,Influenza A H7N2,0
2013-14,Mississippi,Influenza A H1N1v,0
2013-14,Mississippi,Influenza A H1N2v,0
2013-14,Mississippi,Influenza A H3N2v,0
2013-14,Mississippi,Influenza A H7N2,0
2013-14,Montana,Influenza A H1N1v,0
2013-14,Montana,Influenza A H1N2v,0
2013-14,Montana,Influenza A H3N2v,0
2013-14,Montana,Influenza A H7N2,0
2013-14,Massachusetts,Influenza A H1N1v,0
2013-14,Massachusetts,Influenza A H1N2v,0
2013-14,Massachusetts,Influenza A H3N2v,0
2013-14,Massachusetts,Influenza A H7N2,0
2013-14,Delaware,Influenza A H1N1v,0
2013-14,Delaware,Influenza A H1N2v,0
2013-14,Delaware,Influenza A H3N2v,0
2013-14,Delaware,Influenza A H7N2,0
2013-14,Louisiana,Influenza A H1N1v,0
2013-14,Louisiana,Influenza A H1N2v,0
2013-14,Louisiana,Influenza A H3N2v,0
2013-14,Louisiana,Influenza A H7N2,0
2013-14,Kentucky,Influenza A H1N1v,0
2013-14,Kentucky,Influenza A H1N2v,0
2013-14,Kentucky,Influenza A H3N2v,0
2013-14,Kentucky,Influenza A H7N2,0
2013-14,Georgia,Influenza A H1N1v,0
2013-14,Georgia,Influenza A H1N2v,0
2013-14,Georgia,Influenza A H3N2v,0
2013-14,Georgia,Influenza A H7N2,0
2013-14,Florida,Influenza A H1N1v,0
2013-14,Florida,Influenza A H1N2v,0
2013-14,Florida,Influenza A H3N2v,0
2013-14,Florida,Influenza A H7N2,0
2013-14,Wisconsin,Influenza A H1N1v,0
2013-14,Wisconsin,Influenza A H1N2v,0
2013-14,Wisconsin,Influenza A H3N2v,0
2013-14,Wisconsin,Influenza A H7N2,0
2013-14,Washington,Influenza A H1N1v,0
2013-14,Washington,Influenza A H1N2v,0
2013-14,Washington,Influenza A H3N2v,0
2013-14,Washington,Influenza A H7N2,0
2013-14,Nevada,Influenza A H7N2,0
2013-14,Vermont,Influenza A H3N2v,0
2013-14,Vermont,Influenza A H7N2,0
2013-14,Texas,Influenza A H1N1v,0
2013-14,Texas,Influenza A H1N2v,0
2013-14,Texas,Influenza A H3N2v,0
2013-14,Texas,Influenza A H7N2,0
2013-14,Tennessee,Influenza A H1N1v,0
2013-14,Tennessee,Influenza A H1N2v,0
2013-14,Tennessee,Influenza A H3N2v,0
2013-14,Tennessee,Influenza A H7N2,0
2013-14,South Dakota,Influenza A H1N1v,0
2013-14,South Dakota,Influenza A H1N2v,0
2013-14,South Dakota,Influenza A H3N2v,0
2013-14,South Dakota,Influenza A H7N2,0
2013-14,Ohio,Influenza A H1N1v,0
2013-14,Ohio,Influenza A H1N2v,0
2013-14,Ohio,Influenza A H3N2v,2
2013-14,Ohio,Influenza A H7N2,0
2013-14,New York,Influenza A H1N1v,0
2013-14,New York,Influenza A H1N2v,0
2013-14,New York,Influenza A H3N2v,0
2013-14,New York,Influenza A H7N2,0
2013-14,Wyoming,Influenza A H1N1v,0
2013-14,Wyoming,Influenza A H1N2v,0
2013-14,Wyoming,Influenza A H3N2v,0
2013-14,Wyoming,Influenza A H7N2,0
2013-14,West Virginia,Influenza A H1N1v,0
2013-14,West Virginia,Influenza A H1N2v,0
2013-14,West Virginia,Influenza A H3N2v,0
2013-14,West Virginia,Influenza A H7N2,0
2013-14,Nevada,Influenza A H1N1v,0
2013-14,Nevada,Influenza A H1N2v,0
2013-14,Nevada,Influenza A H3N2v,0
2013-14,New Mexico,Influenza A H1N1v,0
2013-14,New Mexico,Influenza A H1N2v,0
2013-14,New Mexico,Influenza A H3N2v,0
2013-14,New Mexico,Influenza A H7N2,0
2013-14,New Jersey,Influenza A H1N1v,0
2013-14,New Jersey,Influenza A H1N2v,0
2013-14,New Jersey,Influenza A H3N2v,0
2013-14,New Jersey,Influenza A H7N2,0
2013-14,Michigan,Influenza A H1N1v,0
2013-14,Michigan,Influenza A H1N2v,0
2013-14,Michigan,Influenza A H3N2v,0
2013-14,Michigan,Influenza A H7N2,0
2013-14,Missouri,Influenza A H1N1v,0
2013-14,Missouri,Influenza A H1N2v,0
2013-14,Missouri,Influenza A H3N2v,0
2013-14,Missouri,Influenza A H7N2,0
2013-14,Minnesota,Influenza A H1N1v,0
2013-14,Minnesota,Influenza A H1N2v,0
2013-14,Minnesota,Influenza A H3N2v,0
2013-14,Minnesota,Influenza A H7N2,0
2013-14,Kansas,Influenza A H1N1v,0
2013-14,Kansas,Influenza A H1N2v,0
2013-14,Kansas,Influenza A H3N2v,0
2013-14,Kansas,Influenza A H7N2,0
2013-14,Indiana,Influenza A H1N1v,0
2013-14,Indiana,Influenza A H1N2v,0
2013-14,Indiana,Influenza A H3N2v,0
2013-14,Indiana,Influenza A H7N2,0
2013-14,Illinois,Influenza A H1N1v,0
2013-14,Illinois,Influenza A H1N2v,0
2013-14,Illinois,Influenza A H3N2v,0
2013-14,Illinois,Influenza A H7N2,0
2013-14,District of Columbia,Influenza A H1N1v,0
2013-14,District of Columbia,Influenza A H1N2v,0
2013-14,District of Columbia,Influenza A H3N2v,0
2013-14,District of Columbia,Influenza A H7N2,0
2013-14,Connecticut,Influenza A H1N1v,0
2013-14,Connecticut,Influenza A H1N2v,0
2013-14,Connecticut,Influenza A H3N2v,0
2013-14,Connecticut,Influenza A H7N2,0
2013-14,South Carolina,Influenza A H1N1v,0
2013-14,South Carolina,Influenza A H1N2v,0
2013-14,South Carolina,Influenza A H3N2v,0
2013-14,South Carolina,Influenza A H7N2,0
2013-14,Puerto Rico,Influenza A H1N1v,0
2013-14,Puerto Rico,Influenza A H1N2v,0
2013-14,Puerto Rico,Influenza A H3N2v,0
2013-14,Puerto Rico,Influenza A H7N2,0
2013-14,Rhode Island,Influenza A H1N1v,0
2013-14,Rhode Island,Influenza A H1N2v,0
2013-14,Rhode Island,Influenza A H3N2v,0
2013-14,Rhode Island,Influenza A H7N2,0
2013-14,New Hampshire,Influenza A H1N1v,0
2013-14,New Hampshire,Influenza A H1N2v,0
2013-14,New Hampshire,Influenza A H3N2v,0
2013-14,New Hampshire,Influenza A H7N2,0
2013-14,Vermont,Influenza A H1N1v,0
2013-14,Vermont,Influenza A H1N2v,0
2013-14,Nebraska,Influenza A H1N1v,0
2013-14,Nebraska,Influenza A H1N2v,0
2013-14,Nebraska,Influenza A H3N2v,0
2013-14,Nebraska,Influenza A H7N2,0
2013-14,North Dakota,Influenza A H1N1v,0
2013-14,North Dakota,Influenza A H1N2v,0
2013-14,North Dakota,Influenza A H3N2v,0
2013-14,North Dakota,Influenza A H7N2,0
2013-14,Maine,Influenza A H1N1v,0
2013-14,Maine,Influenza A H1N2v,0
2013-14,Maine,Influenza A H3N2v,0
2013-14,Maine,Influenza A H7N2,0
2013-14,Maryland,Influenza A H1N1v,0
2013-14,Maryland,Influenza A H1N2v,0
2013-14,Maryland,Influenza A H3N2v,0
2013-14,Maryland,Influenza A H7N2,0
2013-14,Idaho,Influenza A H1N1v,0
2013-14,Idaho,Influenza A H1N2v,0
2013-14,Idaho,Influenza A H3N2v,0
2013-14,Idaho,Influenza A H7N2,0
2013-14,Hawaii,Influenza A H1N1v,0
2013-14,Hawaii,Influenza A H1N2v,0
2013-14,Hawaii,Influenza A H3N2v,0
2013-14,Hawaii,Influenza A H7N2,0
2013-14,Iowa,Influenza A H1N1v,0
2013-14,Iowa,Influenza A H1N2v,0
2013-14,Iowa,Influenza A H3N2v,1
2013-14,Iowa,Influenza A H7N2,0
2014-15,Iowa,Influenza A H1N1v,1
2014-15,Iowa,Influenza A H1N2v,0
2014-15,Iowa,Influenza A H3N2v,0
2014-15,Iowa,Influenza A H7N2,0
2014-15,Hawaii,Influenza A H1N1v,0
2014-15,Hawaii,Influenza A H1N2v,0
2014-15,Hawaii,Influenza A H3N2v,0
2014-15,Hawaii,Influenza A H7N2,0
2014-15,Idaho,Influenza A H1N1v,0
2014-15,Idaho,Influenza A H1N2v,0
2014-15,Idaho,Influenza A H3N2v,0
2014-15,Idaho,Influenza A H7N2,0
2014-15,Maryland,Influenza A H1N1v,0
2014-15,Maryland,Influenza A H1N2v,0
2014-15,Maryland,Influenza A H3N2v,0
2014-15,Maryland,Influenza A H7N2,0
2014-15,Maine,Influenza A H1N1v,0
2014-15,Maine,Influenza A H1N2v,0
2014-15,Maine,Influenza A H3N2v,0
2014-15,Maine,Influenza A H7N2,0
2014-15,North Dakota,Influenza A H1N1v,0
2014-15,North Dakota,Influenza A H1N2v,0
2014-15,North Dakota,Influenza A H3N2v,0
2014-15,North Dakota,Influenza A H7N2,0
2014-15,Nebraska,Influenza A H1N1v,0
2014-15,Nebraska,Influenza A H1N2v,0
2014-15,Nebraska,Influenza A H3N2v,0
2014-15,Nebraska,Influenza A H7N2,0
2014-15,Massachusetts,Influenza A H1N2v,0
2014-15,Colorado,Influenza A H3N2v,0
2014-15,Massachusetts,Influenza A H3N2v,0
2014-15,Massachusetts,Influenza A H7N2,0
2014-15,New Hampshire,Influenza A H1N1v,0
2014-15,New Hampshire,Influenza A H1N2v,0
2014-15,New Hampshire,Influenza A H3N2v,0
2014-15,New Hampshire,Influenza A H7N2,0
2014-15,Rhode Island,Influenza A H1N1v,0
2014-15,Rhode Island,Influenza A H1N2v,0
2014-15,Rhode Island,Influenza A H3N2v,0
2014-15,Rhode Island,Influenza A H7N2,0
2014-15,Puerto Rico,Influenza A H1N1v,0
2014-15,Puerto Rico,Influenza A H1N2v,0
2014-15,Puerto Rico,Influenza A H3N2v,0
2014-15,Puerto Rico,Influenza A H7N2,0
2014-15,South Carolina,Influenza A H1N1v,0
2014-15,South Carolina,Influenza A H1N2v,0
2014-15,South Carolina,Influenza A H3N2v,0
2014-15,South Carolina,Influenza A H7N2,0
2014-15,Connecticut,Influenza A H1N1v,0
2014-15,Connecticut,Influenza A H1N2v,0
2014-15,Connecticut,Influenza A H3N2v,0
2014-15,Connecticut,Influenza A H7N2,0
2014-15,District of Columbia,Influenza A H1N1v,0
2014-15,District of Columbia,Influenza A H1N2v,0
2014-15,District of Columbia,Influenza A H3N2v,0
2014-15,District of Columbia,Influenza A H7N2,0
2014-15,Illinois,Influenza A H1N1v,0
2014-15,Illinois,Influenza A H1N2v,0
2014-15,Illinois,Influenza A H3N2v,0
2014-15,Illinois,Influenza A H7N2,0
2014-15,Indiana,Influenza A H1N1v,0
2014-15,Indiana,Influenza A H1N2v,0
2014-15,Indiana,Influenza A H3N2v,0
2014-15,Indiana,Influenza A H7N2,0
2014-15,Kansas,Influenza A H1N1v,0
2014-15,Kansas,Influenza A H1N2v,0
2014-15,Kansas,Influenza A H3N2v,0
2014-15,Kansas,Influenza A H7N2,0
2014-15,Colorado,Influenza A H7N2,0
2014-15,Minnesota,Influenza A H1N1v,1
2014-15,Minnesota,Influenza A H1N2v,0
2014-15,Minnesota,Influenza A H3N2v,1
2014-15,Minnesota,Influenza A H7N2,0
2014-15,Missouri,Influenza A H1N1v,0
2014-15,Missouri,Influenza A H1N2v,0
2014-15,Missouri,Influenza A H3N2v,0
2014-15,Missouri,Influenza A H7N2,0
2014-15,Michigan,Influenza A H1N1v,0
2014-15,Michigan,Influenza A H1N2v,0
2014-15,Michigan,Influenza A H3N2v,1
2014-15,Michigan,Influenza A H7N2,0
2014-15,New Jersey,Influenza A H1N1v,0
2014-15,New Jersey,Influenza A H1N2v,0
2014-15,New Jersey,Influenza A H3N2v,0
2014-15,New Jersey,Influenza A H7N2,0
2014-15,New Mexico,Influenza A H1N1v,0
2014-15,New Mexico,Influenza A H1N2v,0
2014-15,New Mexico,Influenza A H3N2v,0
2014-15,New Mexico,Influenza A H7N2,0
2014-15,West Virginia,Influenza A H1N1v,0
2014-15,West Virginia,Influenza A H1N2v,0
2014-15,West Virginia,Influenza A H3N2v,0
2014-15,West Virginia,Influenza A H7N2,0
2014-15,Wyoming,Influenza A H1N1v,0
2014-15,Wyoming,Influenza A H1N2v,0
2014-15,Wyoming,Influenza A H3N2v,0
2014-15,Wyoming,Influenza A H7N2,0
2014-15,New York,Influenza A H1N1v,0
2014-15,New York,Influenza A H1N2v,0
2014-15,New York,Influenza A H3N2v,0
2014-15,New York,Influenza A H7N2,0
2014-15,Ohio,Influenza A H1N1v,1
2014-15,Ohio,Influenza A H1N2v,0
2014-15,Ohio,Influenza A H3N2v,0
2014-15,Ohio,Influenza A H7N2,0
2014-15,South Dakota,Influenza A H1N1v,0
2014-15,South Dakota,Influenza A H1N2v,0
2014-15,South Dakota,Influenza A H3N2v,0
2014-15,South Dakota,Influenza A H7N2,0
2014-15,Tennessee,Influenza A H1N1v,0
2014-15,Tennessee,Influenza A H1N2v,0
2014-15,Tennessee,Influenza A H3N2v,0
2014-15,Tennessee,Influenza A H7N2,0
2014-15,Texas,Influenza A H1N1v,0
2014-15,Texas,Influenza A H1N2v,0
2014-15,Texas,Influenza A H3N2v,0
2014-15,Texas,Influenza A H7N2,0
2014-15,Colorado,Influenza A H1N2v,0
2014-15,Nevada,Influenza A H1N1v,0
2014-15,Nevada,Influenza A H1N2v,0
2014-15,Nevada,Influenza A H3N2v,0
2014-15,Nevada,Influenza A H7N2,0
2014-15,Vermont,Influenza A H1N1v,0
2014-15,Vermont,Influenza A H1N2v,0
2014-15,Vermont,Influenza A H3N2v,0
2014-15,Vermont,Influenza A H7N2,0
2014-15,Massachusetts,Influenza A H1N1v,0
2014-15,Washington,Influenza A H1N1v,0
2014-15,Washington,Influenza A H1N2v,0
2014-15,Washington,Influenza A H3N2v,0
2014-15,Washington,Influenza A H7N2,0
2014-15,Wisconsin,Influenza A H1N1v,0
2014-15,Wisconsin,Influenza A H1N2v,0
2014-15,Wisconsin,Influenza A H3N2v,1
2014-15,Wisconsin,Influenza A H7N2,0
2014-15,Florida,Influenza A H1N1v,0
2014-15,Florida,Influenza A H1N2v,0
2014-15,Florida,Influenza A H3N2v,0
2014-15,Florida,Influenza A H7N2,0
2014-15,Georgia,Influenza A H1N1v,0
2014-15,Georgia,Influenza A H1N2v,0
2014-15,Georgia,Influenza A H3N2v,0
2014-15,Georgia,Influenza A H7N2,0
2014-15,Kentucky,Influenza A H1N1v,0
2014-15,Kentucky,Influenza A H1N2v,0
2014-15,Kentucky,Influenza A H3N2v,0
2014-15,Kentucky,Influenza A H7N2,0
2014-15,Louisiana,Influenza A H1N1v,0
2014-15,Louisiana,Influenza A H1N2v,0
2014-15,Louisiana,Influenza A H3N2v,0
2014-15,Louisiana,Influenza A H7N2,0
2014-15,Delaware,Influenza A H1N1v,0
2014-15,Delaware,Influenza A H1N2v,0
2014-15,Delaware,Influenza A H3N2v,0
2014-15,Delaware,Influenza A H7N2,0
2014-15,Montana,Influenza A H1N1v,0
2014-15,Montana,Influenza A H1N2v,0
2014-15,Montana,Influenza A H3N2v,0
2014-15,Montana,Influenza A H7N2,0
2014-15,Mississippi,Influenza A H1N1v,0
2014-15,Mississippi,Influenza A H1N2v,0
2014-15,Mississippi,Influenza A H3N2v,0
2014-15,Mississippi,Influenza A H7N2,0
2014-15,North Carolina,Influenza A H1N1v,0
2014-15,North Carolina,Influenza A H1N2v,0
2014-15,North Carolina,Influenza A H3N2v,0
2014-15,North Carolina,Influenza A H7N2,0
2014-15,Oregon,Influenza A H1N1v,0
2014-15,Oregon,Influenza A H1N2v,0
2014-15,Oregon,Influenza A H3N2v,0
2014-15,Oregon,Influenza A H7N2,0
2014-15,Pennsylvania,Influenza A H1N1v,0
2014-15,Pennsylvania,Influenza A H1N2v,0
2014-15,Pennsylvania,Influenza A H3N2v,0
2014-15,Pennsylvania,Influenza A H7N2,0
2014-15,Arizona,Influenza A H1N1v,0
2014-15,Arizona,Influenza A H1N2v,0
2014-15,Arizona,Influenza A H3N2v,0
2014-15,Arizona,Influenza A H7N2,0
2014-15,Oklahoma,Influenza A H1N1v,0
2014-15,Oklahoma,Influenza A H1N2v,0
2014-15,Oklahoma,Influenza A H3N2v,0
2014-15,Oklahoma,Influenza A H7N2,0
2014-15,California,Influenza A H1N1v,0
2014-15,California,Influenza A H1N2v,0
2014-15,California,Influenza A H3N2v,0
2014-15,California,Influenza A H7N2,0
2014-15,Utah,Influenza A H1N1v,0
2014-15,Utah,Influenza A H1N2v,0
2014-15,Utah,Influenza A H3N2v,0
2014-15,Utah,Influenza A H7N2,0
2014-15,Virginia,Influenza A H1N1v,0
2014-15,Virginia,Influenza A H1N2v,0
2014-15,Virginia,Influenza A H3N2v,0
2014-15,Virginia,Influenza A H7N2,0
2014-15,Colorado,Influenza A H1N1v,0
2014-15,Alaska,Influenza A H1N1v,0
2014-15,Alaska,Influenza A H1N2v,0
2014-15,Alaska,Influenza A H3N2v,0
2014-15,Alaska,Influenza A H7N2,0
2014-15,Alabama,Influenza A H1N1v,0
2014-15,Alabama,Influenza A H1N2v,0
2014-15,Alabama,Influenza A H3N2v,0
2014-15,Alabama,Influenza A H7N2,0
2014-15,Arkansas,Influenza A H1N1v,0
2014-15,Arkansas,Influenza A H1N2v,0
2014-15,Arkansas,Influenza A H3N2v,0
2014-15,Arkansas,Influenza A H7N2,0
2015-16,Arkansas,Influenza A H1N1v,0
2015-16,Arkansas,Influenza A H1N2v,0
2015-16,Arkansas,Influenza A H3N2v,0
2015-16,Arkansas,Influenza A H7N2,0
2015-16,Texas,Influenza A H1N1v,0
2015-16,Alabama,Influenza A H1N1v,0
2015-16,Alabama,Influenza A H1N2v,0
2015-16,Alabama,Influenza A H3N2v,0
2015-16,Alabama,Influenza A H7N2,0
2015-16,Alaska,Influenza A H1N1v,0
2015-16,Alaska,Influenza A H1N2v,0
2015-16,Alaska,Influenza A H3N2v,0
2015-16,Alaska,Influenza A H7N2,0
2015-16,Texas,Influenza A H1N2v,0
2015-16,Texas,Influenza A H3N2v,0
2015-16,Texas,Influenza A H7N2,0
2015-16,Virginia,Influenza A H1N1v,0
2015-16,Virginia,Influenza A H1N2v,0
2015-16,Virginia,Influenza A H3N2v,0
2015-16,Virginia,Influenza A H7N2,0
2015-16,Utah,Influenza A H1N1v,0
2015-16,Utah,Influenza A H1N2v,0
2015-16,Utah,Influenza A H3N2v,0
2015-16,Utah,Influenza A H7N2,0
2015-16,California,Influenza A H1N1v,0
2015-16,California,Influenza A H1N2v,0
2015-16,California,Influenza A H3N2v,0
2015-16,California,Influenza A H7N2,0
2015-16,Oklahoma,Influenza A H1N1v,0
2015-16,Oklahoma,Influenza A H1N2v,0
2015-16,Oklahoma,Influenza A H3N2v,0
2015-16,Oklahoma,Influenza A H7N2,0
2015-16,Arizona,Influenza A H1N1v,0
2015-16,Arizona,Influenza A H1N2v,0
2015-16,Arizona,Influenza A H3N2v,0
2015-16,Arizona,Influenza A H7N2,0
2015-16,Pennsylvania,Influenza A H1N1v,0
2015-16,Pennsylvania,Influenza A H1N2v,0
2015-16,Pennsylvania,Influenza A H3N2v,0
2015-16,Pennsylvania,Influenza A H7N2,0
2015-16,Oregon,Influenza A H1N1v,0
2015-16,Oregon,Influenza A H1N2v,0
2015-16,Oregon,Influenza A H3N2v,0
2015-16,Oregon,Influenza A H7N2,0
2015-16,North Carolina,Influenza A H1N1v,0
2015-16,North Carolina,Influenza A H1N2v,0
2015-16,North Carolina,Influenza A H3N2v,0
2015-16,North Carolina,Influenza A H7N2,0
2015-16,Mississippi,Influenza A H1N1v,0
2015-16,Mississippi,Influenza A H1N2v,0
2015-16,Mississippi,Influenza A H3N2v,0
2015-16,Mississippi,Influenza A H7N2,0
2015-16,Montana,Influenza A H1N1v,0
2015-16,Montana,Influenza A H1N2v,0
2015-16,Montana,Influenza A H3N2v,0
2015-16,Montana,Influenza A H7N2,0
2015-16,Delaware,Influenza A H1N1v,0
2015-16,Delaware,Influenza A H1N2v,0
2015-16,Delaware,Influenza A H3N2v,0
2015-16,Delaware,Influenza A H7N2,0
2015-16,Louisiana,Influenza A H1N1v,0
2015-16,Louisiana,Influenza A H1N2v,0
2015-16,Louisiana,Influenza A H3N2v,0
2015-16,Louisiana,Influenza A H7N2,0
2015-16,Kentucky,Influenza A H1N1v,0
2015-16,Kentucky,Influenza A H1N2v,0
2015-16,Kentucky,Influenza A H3N2v,0
2015-16,Kentucky,Influenza A H7N2,0
2015-16,Georgia,Influenza A H1N1v,0
2015-16,Georgia,Influenza A H1N2v,0
2015-16,Georgia,Influenza A H3N2v,0
2015-16,Georgia,Influenza A H7N2,0
2015-16,Florida,Influenza A H1N1v,0
2015-16,Florida,Influenza A H1N2v,0
2015-16,Florida,Influenza A H3N2v,0
2015-16,Florida,Influenza A H7N2,0
2015-16,Wisconsin,Influenza A H1N1v,0
2015-16,Wisconsin,Influenza A H1N2v,1
2015-16,Wisconsin,Influenza A H3N2v,0
2015-16,Wisconsin,Influenza A H7N2,0
2015-16,Washington,Influenza A H1N1v,0
2015-16,Washington,Influenza A H1N2v,0
2015-16,Washington,Influenza A H3N2v,0
2015-16,Washington,Influenza A H7N2,0
2015-16,Kansas,Influenza A H7N2,0
2015-16,New Hampshire,Influenza A H3N2v,0
2015-16,Vermont,Influenza A H1N1v,0
2015-16,Vermont,Influenza A H1N2v,0
2015-16,Vermont,Influenza A H3N2v,0
2015-16,Vermont,Influenza A H7N2,0
2015-16,Nevada,Influenza A H1N1v,0
2015-16,Nevada,Influenza A H1N2v,0
2015-16,Nevada,Influenza A H3N2v,0
2015-16,Nevada,Influenza A H7N2,0
2015-16,Tennessee,Influenza A H1N1v,0
2015-16,Tennessee,Influenza A H1N2v,0
2015-16,Tennessee,Influenza A H3N2v,0
2015-16,Tennessee,Influenza A H7N2,0
2015-16,South Dakota,Influenza A H1N1v,0
2015-16,South Dakota,Influenza A H1N2v,0
2015-16,South Dakota,Influenza A H3N2v,0
2015-16,South Dakota,Influenza A H7N2,0
2015-16,Ohio,Influenza A H1N1v,0
2015-16,Ohio,Influenza A H1N2v,0
2015-16,Ohio,Influenza A H3N2v,6
2015-16,Ohio,Influenza A H7N2,0
2015-16,New York,Influenza A H1N1v,0
2015-16,New York,Influenza A H1N2v,0
2015-16,New York,Influenza A H3N2v,0
2015-16,New York,Influenza A H7N2,0
2015-16,Wyoming,Influenza A H1N1v,0
2015-16,Wyoming,Influenza A H1N2v,0
2015-16,Wyoming,Influenza A H3N2v,0
2015-16,Wyoming,Influenza A H7N2,0
2015-16,West Virginia,Influenza A H1N1v,0
2015-16,West Virginia,Influenza A H1N2v,0
2015-16,West Virginia,Influenza A H3N2v,0
2015-16,West Virginia,Influenza A H7N2,0
2015-16,New Mexico,Influenza A H1N1v,0
2015-16,New Mexico,Influenza A H1N2v,0
2015-16,New Mexico,Influenza A H3N2v,0
2015-16,New Mexico,Influenza A H7N2,0
2015-16,New Jersey,Influenza A H1N1v,0
2015-16,New Jersey,Influenza A H1N2v,0
2015-16,New Jersey,Influenza A H3N2v,1
2015-16,New Jersey,Influenza A H7N2,0
2015-16,Michigan,Influenza A H1N1v,0
2015-16,Michigan,Influenza A H1N2v,0
2015-16,Michigan,Influenza A H3N2v,12
2015-16,Michigan,Influenza A H7N2,0
2015-16,New Hampshire,Influenza A H7N2,0
2015-16,Missouri,Influenza A H1N1v,0
2015-16,Missouri,Influenza A H1N2v,0
2015-16,Missouri,Influenza A H3N2v,0
2015-16,Missouri,Influenza A H7N2,0
2015-16,Minnesota,Influenza A H1N1v,1
2015-16,Minnesota,Influenza A H1N2v,2
2015-16,Minnesota,Influenza A H3N2v,0
2015-16,Minnesota,Influenza A H7N2,0
2015-16,Colorado,Influenza A H1N1v,0
2015-16,Colorado,Influenza A H1N2v,0
2015-16,Colorado,Influenza A H3N2v,0
2015-16,Colorado,Influenza A H7N2,0
2015-16,Kansas,Influenza A H1N1v,0
2015-16,Kansas,Influenza A H1N2v,0
2015-16,Kansas,Influenza A H3N2v,0
2015-16,Indiana,Influenza A H1N1v,0
2015-16,Indiana,Influenza A H1N2v,0
2015-16,Indiana,Influenza A H3N2v,0
2015-16,Indiana,Influenza A H7N2,0
2015-16,Illinois,Influenza A H1N1v,0
2015-16,Illinois,Influenza A H1N2v,0
2015-16,Illinois,Influenza A H3N2v,0
2015-16,Illinois,Influenza A H7N2,0
2015-16,District of Columbia,Influenza A H1N1v,0
2015-16,District of Columbia,Influenza A H1N2v,0
2015-16,District of Columbia,Influenza A H3N2v,0
2015-16,District of Columbia,Influenza A H7N2,0
2015-16,Connecticut,Influenza A H1N1v,0
2015-16,Connecticut,Influenza A H1N2v,0
2015-16,Connecticut,Influenza A H3N2v,0
2015-16,Connecticut,Influenza A H7N2,0
2015-16,South Carolina,Influenza A H1N1v,0
2015-16,South Carolina,Influenza A H1N2v,0
2015-16,South Carolina,Influenza A H3N2v,0
2015-16,South Carolina,Influenza A H7N2,0
2015-16,Puerto Rico,Influenza A H1N1v,0
2015-16,Puerto Rico,Influenza A H1N2v,0
2015-16,Puerto Rico,Influenza A H3N2v,0
2015-16,Puerto Rico,Influenza A H7N2,0
2015-16,Rhode Island,Influenza A H1N1v,0
2015-16,Rhode Island,Influenza A H1N2v,0
2015-16,Rhode Island,Influenza A H3N2v,0
2015-16,Rhode Island,Influenza A H7N2,0
2015-16,New Hampshire,Influenza A H1N1v,0
2015-16,New Hampshire,Influenza A H1N2v,0
2015-16,Massachusetts,Influenza A H1N1v,0
2015-16,Massachusetts,Influenza A H1N2v,0
2015-16,Massachusetts,Influenza A H3N2v,0
2015-16,Massachusetts,Influenza A H7N2,0
2015-16,Nebraska,Influenza A H1N1v,0
2015-16,Nebraska,Influenza A H1N2v,0
2015-16,Nebraska,Influenza A H3N2v,0
2015-16,Nebraska,Influenza A H7N2,0
2015-16,North Dakota,Influenza A H1N1v,0
2015-16,North Dakota,Influenza A H1N2v,0
2015-16,North Dakota,Influenza A H3N2v,0
2015-16,North Dakota,Influenza A H7N2,0
2015-16,Maine,Influenza A H1N1v,0
2015-16,Maine,Influenza A H1N2v,0
2015-16,Maine,Influenza A H3N2v,0
2015-16,Maine,Influenza A H7N2,0
2015-16,Maryland,Influenza A H1N1v,0
2015-16,Maryland,Influenza A H1N2v,0
2015-16,Maryland,Influenza A H3N2v,0
2015-16,Maryland,Influenza A H7N2,0
2015-16,Idaho,Influenza A H1N1v,0
2015-16,Idaho,Influenza A H1N2v,0
2015-16,Idaho,Influenza A H3N2v,0
2015-16,Idaho,Influenza A H7N2,0
2015-16,Hawaii,Influenza A H1N1v,0
2015-16,Hawaii,Influenza A H1N2v,0
2015-16,Hawaii,Influenza A H3N2v,0
2015-16,Hawaii,Influenza A H7N2,0
2015-16,Iowa,Influenza A H1N1v,0
2015-16,Iowa,Influenza A H1N2v,0
2015-16,Iowa,Influenza A H3N2v,0
2015-16,Iowa,Influenza A H7N2,0
2016-17,Iowa,Influenza A H1N1v,0
2016-17,Iowa,Influenza A H1N2v,1
2016-17,Iowa,Influenza A H3N2v,0
2016-17,Iowa,Influenza A H7N2,0
2016-17,Hawaii,Influenza A H1N1v,0
2016-17,Hawaii,Influenza A H1N2v,0
2016-17,Hawaii,Influenza A H3N2v,0
2016-17,Hawaii,Influenza A H7N2,0
2016-17,Idaho,Influenza A H1N1v,0
2016-17,Idaho,Influenza A H1N2v,0
2016-17,Idaho,Influenza A H3N2v,0
2016-17,Idaho,Influenza A H7N2,0
2016-17,Maryland,Influenza A H1N1v,0
2016-17,Maryland,Influenza A H1N2v,0
2016-17,Maryland,Influenza A H3N2v,39
2016-17,Maryland,Influenza A H7N2,0
2016-17,Maine,Influenza A H1N1v,0
2016-17,Maine,Influenza A H1N2v,0
2016-17,Maine,Influenza A H3N2v,0
2016-17,Maine,Influenza A H7N2,0
2016-17,North Dakota,Influenza A H1N1v,0
2016-17,North Dakota,Influenza A H1N2v,0
2016-17,North Dakota,Influenza A H3N2v,1
2016-17,North Dakota,Influenza A H7N2,0
2016-17,Nebraska,Influenza A H1N1v,0
2016-17,Nebraska,Influenza A H1N2v,0
2016-17,Nebraska,Influenza A H3N2v,1
2016-17,Nebraska,Influenza A H7N2,0
2016-17,Massachusetts,Influenza A H1N1v,0
2016-17,Massachusetts,Influenza A H1N2v,0
2016-17,Massachusetts,Influenza A H3N2v,0
2016-17,Massachusetts,Influenza A H7N2,0
2016-17,Arkansas,Influenza A H1N1v,0
2016-17,Rhode Island,Influenza A H1N1v,0
2016-17,Rhode Island,Influenza A H1N2v,0
2016-17,Rhode Island,Influenza A H3N2v,0
2016-17,Rhode Island,Influenza A H7N2,0
2016-17,Puerto Rico,Influenza A H1N1v,0
2016-17,Puerto Rico,Influenza A H1N2v,0
2016-17,Puerto Rico,Influenza A H3N2v,0
2016-17,Puerto Rico,Influenza A H7N2,0
2016-17,South Carolina,Influenza A H1N1v,0
2016-17,South Carolina,Influenza A H1N2v,0
2016-17,South Carolina,Influenza A H3N2v,0
2016-17,Connecticut,Influenza A H1N1v,0
2016-17,Connecticut,Influenza A H1N2v,0
2016-17,Connecticut,Influenza A H3N2v,0
2016-17,Connecticut,Influenza A H7N2,0
2016-17,District of Columbia,Influenza A H1N1v,0
2016-17,District of Columbia,Influenza A H1N2v,0
2016-17,District of Columbia,Influenza A H3N2v,0
2016-17,District of Columbia,Influenza A H7N2,0
2016-17,Illinois,Influenza A H1N1v,0
2016-17,Illinois,Influenza A H1N2v,0
2016-17,Illinois,Influenza A H3N2v,0
2016-17,Illinois,Influenza A H7N2,0
2016-17,Indiana,Influenza A H1N1v,0
2016-17,Indiana,Influenza A H1N2v,0
2016-17,Indiana,Influenza A H3N2v,0
2016-17,Indiana,Influenza A H7N2,1
2016-17,Colorado,Influenza A H1N1v,0
2016-17,Colorado,Influenza A H1N2v,0
2016-17,Colorado,Influenza A H3N2v,0
2016-17,Colorado,Influenza A H7N2,0
2016-17,Minnesota,Influenza A H1N1v,0
2016-17,Minnesota,Influenza A H1N2v,0
2016-17,Minnesota,Influenza A H3N2v,0
2016-17,Minnesota,Influenza A H7N2,0
2016-17,Missouri,Influenza A H1N1v,0
2016-17,Missouri,Influenza A H1N2v,0
2016-17,Missouri,Influenza A H3N2v,0
2016-17,Missouri,Influenza A H7N2,0
2016-17,New Hampshire,Influenza A H1N1v,0
2016-17,New Hampshire,Influenza A H1N2v,0
2016-17,New Hampshire,Influenza A H3N2v,0
2016-17,New Hampshire,Influenza A H7N2,0
2016-17,Michigan,Influenza A H1N1v,0
2016-17,Michigan,Influenza A H1N2v,0
2016-17,Michigan,Influenza A H3N2v,2
2016-17,Michigan,Influenza A H7N2,0
2016-17,New Jersey,Influenza A H1N1v,0
2016-17,New Jersey,Influenza A H1N2v,0
2016-17,New Jersey,Influenza A H3N2v,0
2016-17,New Jersey,Influenza A H7N2,0
2016-17,New Mexico,Influenza A H1N1v,0
2016-17,New Mexico,Influenza A H1N2v,0
2016-17,New Mexico,Influenza A H3N2v,0
2016-17,New Mexico,Influenza A H7N2,0
2016-17,West Virginia,Influenza A H1N1v,0
2016-17,West Virginia,Influenza A H1N2v,0
2016-17,West Virginia,Influenza A H3N2v,0
2016-17,West Virginia,Influenza A H7N2,0
2016-17,Wyoming,Influenza A H1N1v,0
2016-17,Wyoming,Influenza A H1N2v,0
2016-17,Wyoming,Influenza A H3N2v,0
2016-17,Wyoming,Influenza A H7N2,0
2016-17,New York,Influenza A H1N1v,0
2016-17,New York,Influenza A H1N2v,0
2016-17,New York,Influenza A H3N2v,0
2016-17,New York,Influenza A H7N2,0
2016-17,Ohio,Influenza A H1N1v,0
2016-17,Ohio,Influenza A H1N2v,3
2016-17,Ohio,Influenza A H3N2v,15
2016-17,Ohio,Influenza A H7N2,0
2016-17,South Dakota,Influenza A H1N1v,0
2016-17,South Dakota,Influenza A H1N2v,0
2016-17,South Dakota,Influenza A H3N2v,0
2016-17,South Dakota,Influenza A H7N2,0
2016-17,Tennessee,Influenza A H1N1v,0
2016-17,Tennessee,Influenza A H1N2v,0
2016-17,Tennessee,Influenza A H3N2v,0
2016-17,Tennessee,Influenza A H7N2,0
2016-17,Nevada,Influenza A H1N1v,0
2016-17,Nevada,Influenza A H1N2v,0
2016-17,Nevada,Influenza A H3N2v,0
2016-17,Nevada,Influenza A H7N2,0
2016-17,Vermont,Influenza A H1N1v,0
2016-17,Vermont,Influenza A H1N2v,0
2016-17,Vermont,Influenza A H3N2v,0
2016-17,Vermont,Influenza A H7N2,0
2016-17,South Carolina,Influenza A H7N2,0
2016-17,Washington,Influenza A H1N1v,0
2016-17,Washington,Influenza A H1N2v,0
2016-17,Washington,Influenza A H3N2v,0
2016-17,Washington,Influenza A H7N2,0
2016-17,Wisconsin,Influenza A H1N1v,0
2016-17,Wisconsin,Influenza A H1N2v,0
2016-17,Wisconsin,Influenza A H3N2v,0
2016-17,Wisconsin,Influenza A H7N2,0
2016-17,Florida,Influenza A H1N1v,0
2016-17,Florida,Influenza A H1N2v,0
2016-17,Florida,Influenza A H3N2v,0
2016-17,Florida,Influenza A H7N2,0
2016-17,Georgia,Influenza A H1N1v,0
2016-17,Georgia,Influenza A H1N2v,0
2016-17,Georgia,Influenza A H3N2v,0
2016-17,Georgia,Influenza A H7N2,0
2016-17,Kentucky,Influenza A H1N1v,0
2016-17,Kentucky,Influenza A H1N2v,0
2016-17,Kentucky,Influenza A H3N2v,0
2016-17,Kentucky,Influenza A H7N2,0
2016-17,Louisiana,Influenza A H1N1v,0
2016-17,Louisiana,Influenza A H1N2v,0
2016-17,Louisiana,Influenza A H3N2v,0
2016-17,Louisiana,Influenza A H7N2,0
2016-17,Delaware,Influenza A H1N1v,0
2016-17,Delaware,Influenza A H1N2v,0
2016-17,Delaware,Influenza A H3N2v,1
2016-17,Delaware,Influenza A H7N2,0
2016-17,Montana,Influenza A H1N1v,0
2016-17,Montana,Influenza A H1N2v,0
2016-17,Montana,Influenza A H3N2v,0
2016-17,Montana,Influenza A H7N2,0
2016-17,Mississippi,Influenza A H1N1v,0
2016-17,Mississippi,Influenza A H1N2v,0
2016-17,Mississippi,Influenza A H3N2v,0
2016-17,Mississippi,Influenza A H7N2,0
2016-17,North Carolina,Influenza A H1N1v,0
2016-17,North Carolina,Influenza A H1N2v,0
2016-17,North Carolina,Influenza A H3N2v,0
2016-17,North Carolina,Influenza A H7N2,0
2016-17,Oregon,Influenza A H1N1v,0
2016-17,Oregon,Influenza A H1N2v,0
2016-17,Oregon,Influenza A H3N2v,0
2016-17,Oregon,Influenza A H7N2,0
2016-17,Pennsylvania,Influenza A H1N1v,0
2016-17,Pennsylvania,Influenza A H1N2v,0
2016-17,Pennsylvania,Influenza A H3N2v,1
2016-17,Pennsylvania,Influenza A H7N2,0
2016-17,Arizona,Influenza A H1N1v,0
2016-17,Arizona,Influenza A H1N2v,0
2016-17,Arizona,Influenza A H3N2v,0
2016-17,Arizona,Influenza A H7N2,0
2016-17,Oklahoma,Influenza A H1N1v,0
2016-17,Oklahoma,Influenza A H1N2v,0
2016-17,Oklahoma,Influenza A H3N2v,0
2016-17,Oklahoma,Influenza A H7N2,0
2016-17,Arkansas,Influenza A H1N2v,0
2016-17,Arkansas,Influenza A H3N2v,0
2016-17,Arkansas,Influenza A H7N2,0
2016-17,Kansas,Influenza A H1N1v,0
2016-17,Kansas,Influenza A H1N2v,0
2016-17,Kansas,Influenza A H3N2v,0
2016-17,Kansas,Influenza A H7N2,0
2016-17,California,Influenza A H1N1v,0
2016-17,California,Influenza A H1N2v,0
2016-17,California,Influenza A H3N2v,0
2016-17,California,Influenza A H7N2,0
2016-17,Utah,Influenza A H1N1v,0
2016-17,Utah,Influenza A H1N2v,0
2016-17,Utah,Influenza A H3N2v,0
2016-17,Utah,Influenza A H7N2,0
2016-17,Virginia,Influenza A H1N1v,0
2016-17,Virginia,Influenza A H1N2v,0
2016-17,Virginia,Influenza A H3N2v,0
2016-17,Virginia,Influenza A H7N2,0
2016-17,Texas,Influenza A H1N1v,0
2016-17,Texas,Influenza A H1N2v,0
2016-17,Texas,Influenza A H3N2v,1
2016-17,Texas,Influenza A H7N2,0
2016-17,Alaska,Influenza A H1N1v,0
2016-17,Alaska,Influenza A H1N2v,0
2016-17,Alaska,Influenza A H3N2v,0
2016-17,Alaska,Influenza A H7N2,0
2016-17,Alabama,Influenza A H1N1v,0
2016-17,Alabama,Influenza A H1N2v,0
2016-17,Alabama,Influenza A H3N2v,0
2016-17,Alabama,Influenza A H7N2,0
2017-18,Alabama,Influenza A H1N1v,0
2017-18,Alabama,Influenza A H1N2v,0
2017-18,Alabama,Influenza A H3N2v,0
2017-18,Alabama,Influenza A H7N2,0
2017-18,Alaska,Influenza A H1N1v,0
2017-18,Alaska,Influenza A H1N2v,0
2017-18,Alaska,Influenza A H3N2v,0
2017-18,Alaska,Influenza A H7N2,0
2017-18,Texas,Influenza A H1N1v,0
2017-18,Texas,Influenza A H1N2v,0
2017-18,Texas,Influenza A H3N2v,0
2017-18,Texas,Influenza A H7N2,0
2017-18,Virginia,Influenza A H1N1v,0
2017-18,Virginia,Influenza A H1N2v,0
2017-18,Virginia,Influenza A H3N2v,0
2017-18,Virginia,Influenza A H7N2,0
2017-18,Utah,Influenza A H1N1v,0
2017-18,Utah,Influenza A H1N2v,0
2017-18,Utah,Influenza A H3N2v,0
2017-18,Utah,Influenza A H7N2,0
2017-18,California,Influenza A H1N1v,0
2017-18,California,Influenza A H1N2v,6
2017-18,California,Influenza A H3N2v,0
2017-18,California,Influenza A H7N2,0
2017-18,Kansas,Influenza A H1N1v,0
2017-18,Kansas,Influenza A H1N2v,0
2017-18,Kansas,Influenza A H3N2v,0
2017-18,Kansas,Influenza A H7N2,0
2017-18,Arkansas,Influenza A H1N1v,0
2017-18,Arkansas,Influenza A H1N2v,0
2017-18,Arkansas,Influenza A H3N2v,0
2017-18,Arkansas,Influenza A H7N2,0
2017-18,Oklahoma,Influenza A H1N1v,0
2017-18,Oklahoma,Influenza A H1N2v,0
2017-18,Oklahoma,Influenza A H3N2v,0
2017-18,Oklahoma,Influenza A H7N2,0
2017-18,Arizona,Influenza A H1N1v,0
2017-18,Arizona,Influenza A H1N2v,0
2017-18,Arizona,Influenza A H3N2v,0
2017-18,Arizona,Influenza A H7N2,0
2017-18,Pennsylvania,Influenza A H1N1v,0
2017-18,Pennsylvania,Influenza A H1N2v,0
2017-18,Pennsylvania,Influenza A H3N2v,0
2017-18,Pennsylvania,Influenza A H7N2,0
2017-18,Oregon,Influenza A H1N1v,0
2017-18,Oregon,Influenza A H1N2v,0
2017-18,Oregon,Influenza A H3N2v,0
2017-18,Oregon,Influenza A H7N2,0
2017-18,Mississippi,Influenza A H1N1v,0
2017-18,Mississippi,Influenza A H1N2v,0
2017-18,Mississippi,Influenza A H3N2v,0
2017-18,Mississippi,Influenza A H7N2,0
2017-18,Montana,Influenza A H1N1v,0
2017-18,Montana,Influenza A H1N2v,0
2017-18,Montana,Influenza A H3N2v,0
2017-18,Montana,Influenza A H7N2,0
2017-18,Delaware,Influenza A H1N1v,0
2017-18,Delaware,Influenza A H1N2v,0
2017-18,Delaware,Influenza A H3N2v,0
2017-18,Delaware,Influenza A H7N2,0
2017-18,Louisiana,Influenza A H1N1v,0
2017-18,Louisiana,Influenza A H1N2v,0
2017-18,Louisiana,Influenza A H3N2v,0
2017-18,Louisiana,Influenza A H7N2,0
2017-18,Kentucky,Influenza A H1N1v,0
2017-18,Kentucky,Influenza A H1N2v,0
2017-18,Kentucky,Influenza A H3N2v,0
2017-18,Kentucky,Influenza A H7N2,0
2017-18,Georgia,Influenza A H1N1v,0
2017-18,Georgia,Influenza A H1N2v,0
2017-18,Georgia,Influenza A H3N2v,0
2017-18,Georgia,Influenza A H7N2,0
2017-18,Florida,Influenza A H1N1v,0
2017-18,Florida,Influenza A H1N2v,0
2017-18,Florida,Influenza A H3N2v,0
2017-18,Florida,Influenza A H7N2,0
2017-18,Wisconsin,Influenza A H1N1v,0
2017-18,Wisconsin,Influenza A H1N2v,0
2017-18,Wisconsin,Influenza A H3N2v,0
2017-18,Wisconsin,Influenza A H7N2,0
2017-18,Washington,Influenza A H1N1v,0
2017-18,Washington,Influenza A H1N2v,0
2017-18,Washington,Influenza A H3N2v,0
2017-18,Washington,Influenza A H7N2,0
2017-18,Idaho,Influenza A H3N2v,0
2017-18,South Carolina,Influenza A H1N1v,0
2017-18,South Carolina,Influenza A H1N2v,0
2017-18,South Carolina,Influenza A H3N2v,0
2017-18,South Carolina,Influenza A H7N2,0
2017-18,Vermont,Influenza A H1N1v,0
2017-18,Vermont,Influenza A H1N2v,0
2017-18,Vermont,Influenza A H3N2v,0
2017-18,Vermont,Influenza A H7N2,0
2017-18,Nevada,Influenza A H1N1v,0
2017-18,Nevada,Influenza A H1N2v,0
2017-18,Nevada,Influenza A H3N2v,0
2017-18,Nevada,Influenza A H7N2,0
2017-18,Tennessee,Influenza A H1N1v,0
2017-18,Tennessee,Influenza A H1N2v,0
2017-18,Tennessee,Influenza A H3N2v,0
2017-18,Tennessee,Influenza A H7N2,0
2017-18,South Dakota,Influenza A H1N1v,0
2017-18,South Dakota,Influenza A H1N2v,0
2017-18,South Dakota,Influenza A H3N2v,0
2017-18,South Dakota,Influenza A H7N2,0
2017-18,Ohio,Influenza A H1N1v,0
2017-18,Ohio,Influenza A H1N2v,4
2017-18,Ohio,Influenza A H3N2v,0
2017-18,Ohio,Influenza A H7N2,0
2017-18,New York,Influenza A H1N1v,0
2017-18,New York,Influenza A H1N2v,0
2017-18,New York,Influenza A H3N2v,0
2017-18,New York,Influenza A H7N2,0
2017-18,Wyoming,Influenza A H1N1v,0
2017-18,Wyoming,Influenza A H1N2v,0
2017-18,Wyoming,Influenza A H3N2v,0
2017-18,Wyoming,Influenza A H7N2,0
2017-18,West Virginia,Influenza A H1N1v,0
2017-18,West Virginia,Influenza A H1N2v,0
2017-18,West Virginia,Influenza A H3N2v,0
2017-18,West Virginia,Influenza A H7N2,0
2017-18,North Carolina,Influenza A H1N1v,0
2017-18,New Mexico,Influenza A H1N1v,0
2017-18,New Mexico,Influenza A H1N2v,0
2017-18,New Mexico,Influenza A H3N2v,0
2017-18,New Mexico,Influenza A H7N2,0
2017-18,New Jersey,Influenza A H1N1v,0
2017-18,New Jersey,Influenza A H1N2v,0
2017-18,New Jersey,Influenza A H3N2v,0
2017-18,New Jersey,Influenza A H7N2,0
2017-18,Michigan,Influenza A H1N1v,0
2017-18,Michigan,Influenza A H1N2v,3
2017-18,Michigan,Influenza A H3N2v,0
2017-18,Michigan,Influenza A H7N2,0
2017-18,New Hampshire,Influenza A H1N1v,0
2017-18,New Hampshire,Influenza A H1N2v,0
2017-18,New Hampshire,Influenza A H3N2v,0
2017-18,New Hampshire,Influenza A H7N2,0
2017-18,Idaho,Influenza A H7N2,0
2017-18,Missouri,Influenza A H1N1v,0
2017-18,Missouri,Influenza A H1N2v,0
2017-18,Missouri,Influenza A H3N2v,0
2017-18,Missouri,Influenza A H7N2,0
2017-18,Minnesota,Influenza A H1N1v,0
2017-18,Minnesota,Influenza A H1N2v,0
2017-18,Minnesota,Influenza A H3N2v,0
2017-18,Minnesota,Influenza A H7N2,0
2017-18,Colorado,Influenza A H1N1v,0
2017-18,Colorado,Influenza A H1N2v,1
2017-18,Colorado,Influenza A H3N2v,0
2017-18,Colorado,Influenza A H7N2,0
2017-18,North Carolina,Influenza A H3N2v,0
2017-18,North Carolina,Influenza A H7N2,0
2017-18,Indiana,Influenza A H1N1v,0
2017-18,Indiana,Influenza A H1N2v,0
2017-18,Indiana,Influenza A H3N2v,1
2017-18,Indiana,Influenza A H7N2,0
2017-18,Illinois,Influenza A H1N1v,0
2017-18,Illinois,Influenza A H1N2v,0
2017-18,Illinois,Influenza A H3N2v,0
2017-18,Illinois,Influenza A H7N2,0
2017-18,District of Columbia,Influenza A H1N1v,0
2017-18,District of Columbia,Influenza A H1N2v,0
2017-18,District of Columbia,Influenza A H3N2v,0
2017-18,District of Columbia,Influenza A H7N2,0
2017-18,Connecticut,Influenza A H1N1v,0
2017-18,Connecticut,Influenza A H1N2v,0
2017-18,Connecticut,Influenza A H3N2v,0
2017-18,Connecticut,Influenza A H7N2,0
2017-18,Puerto Rico,Influenza A H1N1v,0
2017-18,Puerto Rico,Influenza A H1N2v,0
2017-18,Puerto Rico,Influenza A H3N2v,0
2017-18,Puerto Rico,Influenza A H7N2,0
2017-18,Rhode Island,Influenza A H1N1v,0
2017-18,Rhode Island,Influenza A H1N2v,0
2017-18,Rhode Island,Influenza A H3N2v,0
2017-18,Rhode Island,Influenza A H7N2,0
2017-18,North Carolina,Influenza A H1N2v,0
2017-18,Massachusetts,Influenza A H1N1v,0
2017-18,Massachusetts,Influenza A H1N2v,0
2017-18,Massachusetts,Influenza A H3N2v,0
2017-18,Massachusetts,Influenza A H7N2,0
2017-18,Nebraska,Influenza A H1N1v,0
2017-18,Nebraska,Influenza A H1N2v,0
2017-18,Nebraska,Influenza A H3N2v,0
2017-18,Nebraska,Influenza A H7N2,0
2017-18,North Dakota,Influenza A H1N1v,0
2017-18,North Dakota,Influenza A H1N2v,0
2017-18,North Dakota,Influenza A H3N2v,0
2017-18,North Dakota,Influenza A H7N2,0
2017-18,Maine,Influenza A H1N1v,0
2017-18,Maine,Influenza A H1N2v,0
2017-18,Maine,Influenza A H3N2v,0
2017-18,Maine,Influenza A H7N2,0
2017-18,Maryland,Influenza A H1N1v,0
2017-18,Maryland,Influenza A H1N2v,0
2017-18,Maryland,Influenza A H3N2v,0
2017-18,Maryland,Influenza A H7N2,0
2017-18,Idaho,Influenza A H1N1v,0
2017-18,Idaho,Influenza A H1N2v,0
2017-18,Hawaii,Influenza A H1N1v,0
2017-18,Hawaii,Influenza A H1N2v,0
2017-18,Hawaii,Influenza A H3N2v,0
2017-18,Hawaii,Influenza A H7N2,0
2017-18,Iowa,Influenza A H1N1v,1
2017-18,Iowa,Influenza A H1N2v,0
2017-18,Iowa,Influenza A H3N2v,1
2017-18,Iowa,Influenza A H7N2,0
2018-19,Michigan,Influenza A H1N1v,1
2018-19,Missouri,Influenza A H1N1v,0